batsman,Matches Played,Not Outs,Runs,Balls Faced,Highest Score,Average,Strike Rate,100's,50's,6's,4's
A Ashish Reddy,23.0,8.0,280.0,196.0,36.0,18.67,142.86,0.0,0.0,15.0,16.0
A Chandila,2.0,1.0,4.0,7.0,4.0,4.0,57.14,0.0,0.0,0.0,0.0
A Chopra,6.0,1.0,53.0,75.0,24.0,10.6,70.67,0.0,0.0,0.0,7.0
A Choudhary,3.0,1.0,25.0,20.0,15.0,12.5,125.0,0.0,0.0,1.0,1.0
A Dananjaya,1.0,1.0,4.0,5.0,4.0,4.0,80.0,0.0,0.0,0.0,0.0
A Flintoff,3.0,1.0,62.0,57.0,24.0,31.0,108.77,0.0,0.0,2.0,5.0
A Kumble,15.0,13.0,35.0,49.0,8.0,17.5,71.43,0.0,0.0,0.0,3.0
A Mishra,54.0,24.0,362.0,410.0,31.0,12.07,88.29,0.0,0.0,5.0,29.0
A Mithun,6.0,1.0,34.0,26.0,11.0,6.8,130.77,0.0,0.0,1.0,4.0
A Mukund,2.0,0.0,19.0,23.0,19.0,9.5,82.61,0.0,0.0,0.0,1.0
A Nehra,17.0,9.0,41.0,63.0,22.0,5.12,65.08,0.0,0.0,1.0,3.0
A Nortje,3.0,2.0,7.0,6.0,3.0,7.0,116.67,0.0,0.0,0.0,0.0
A Singh,5.0,1.0,2.0,10.0,1.0,0.5,20.0,0.0,0.0,0.0,0.0
A Symonds,36.0,10.0,974.0,781.0,117.0,37.46,124.71,1.0,5.0,41.0,74.0
A Uniyal,2.0,1.0,4.0,7.0,4.0,4.0,57.14,0.0,0.0,0.0,0.0
A Zampa,2.0,0.0,5.0,8.0,5.0,2.5,62.5,0.0,0.0,0.0,1.0
AA Bilakhia,7.0,2.0,69.0,88.0,22.0,13.8,78.41,0.0,0.0,0.0,5.0
AA Chavan,3.0,2.0,12.0,11.0,7.0,12.0,109.09,0.0,0.0,0.0,2.0
AA Jhunjhunwala,15.0,1.0,217.0,218.0,53.0,15.5,99.54,0.0,1.0,5.0,19.0
AA Noffke,1.0,0.0,9.0,12.0,9.0,9.0,75.0,0.0,0.0,0.0,1.0
AB Agarkar,18.0,10.0,179.0,160.0,39.0,22.38,111.87,0.0,0.0,5.0,13.0
AB Barath,3.0,1.0,42.0,43.0,33.0,21.0,97.67,0.0,0.0,1.0,5.0
AB Dinda,16.0,7.0,26.0,50.0,7.0,2.89,52.0,0.0,0.0,0.0,2.0
AB McDonald,9.0,4.0,123.0,103.0,33.0,24.6,119.42,0.0,0.0,4.0,9.0
AB de Villiers,156.0,42.0,4849.0,3264.0,133.0,42.54,148.56,3.0,38.0,235.0,390.0
AC Blizzard,7.0,0.0,120.0,91.0,51.0,17.14,131.87,0.0,1.0,2.0,21.0
AC Gilchrist,80.0,4.0,2069.0,1555.0,109.0,27.22,133.05,2.0,11.0,92.0,239.0
AC Thomas,4.0,2.0,20.0,19.0,12.0,10.0,105.26,0.0,0.0,1.0,1.0
AC Voges,7.0,1.0,181.0,143.0,45.0,30.17,126.57,0.0,0.0,3.0,15.0
AD Hales,6.0,0.0,148.0,119.0,45.0,24.67,124.37,0.0,0.0,6.0,13.0
AD Mascarenhas,11.0,1.0,79.0,79.0,27.0,7.9,100.0,0.0,0.0,1.0,5.0
AD Mathews,41.0,10.0,724.0,599.0,65.0,23.35,120.87,0.0,1.0,29.0,44.0
AD Nath,10.0,0.0,90.0,99.0,24.0,9.0,90.91,0.0,0.0,2.0,7.0
AD Russell,61.0,11.0,1517.0,882.0,88.0,30.34,172.0,0.0,8.0,129.0,105.0
AF Milne,3.0,0.0,7.0,12.0,5.0,2.33,58.33,0.0,0.0,0.0,0.0
AG Murtaza,3.0,2.0,10.0,14.0,5.0,10.0,71.43,0.0,0.0,0.0,1.0
AG Paunikar,5.0,0.0,49.0,61.0,20.0,9.8,80.33,0.0,0.0,0.0,9.0
AJ Finch,85.0,7.0,2005.0,1622.0,88.0,25.71,123.61,0.0,14.0,75.0,204.0
AJ Turner,4.0,1.0,3.0,11.0,3.0,1.0,27.27,0.0,0.0,0.0,0.0
AJ Tye,13.0,5.0,91.0,79.0,25.0,11.38,115.19,0.0,0.0,5.0,6.0
AL Menaria,23.0,1.0,401.0,367.0,40.0,18.23,109.26,0.0,0.0,18.0,24.0
AM Nayar,50.0,11.0,672.0,588.0,45.0,17.23,114.29,0.0,0.0,20.0,55.0
AM Rahane,140.0,15.0,3933.0,3325.0,105.0,31.46,118.29,2.0,28.0,76.0,416.0
AN Ahmed,6.0,5.0,36.0,27.0,18.0,36.0,133.33,0.0,0.0,1.0,4.0
AN Ghosh,2.0,0.0,7.0,8.0,7.0,3.5,87.5,0.0,0.0,0.0,1.0
AP Dole,2.0,0.0,34.0,23.0,30.0,17.0,147.83,0.0,0.0,1.0,3.0
AP Majumdar,4.0,0.0,87.0,77.0,31.0,21.75,112.99,0.0,0.0,2.0,7.0
AP Tare,27.0,3.0,339.0,285.0,59.0,14.12,118.95,0.0,1.0,11.0,40.0
AR Bawne,1.0,1.0,12.0,12.0,12.0,12.0,100.0,0.0,0.0,0.0,1.0
AR Patel,71.0,20.0,913.0,745.0,44.0,17.9,122.55,0.0,0.0,43.0,53.0
AS Joseph,1.0,1.0,15.0,13.0,15.0,15.0,115.38,0.0,0.0,0.0,2.0
AS Rajpoot,7.0,3.0,26.0,41.0,8.0,6.5,63.41,0.0,0.0,1.0,2.0
AS Raut,16.0,5.0,194.0,172.0,36.0,17.64,112.79,0.0,0.0,7.0,13.0
AS Yadav,6.0,-1.0,49.0,40.0,16.0,7.0,122.5,0.0,0.0,2.0,5.0
AT Carey,3.0,1.0,32.0,29.0,14.0,16.0,110.34,0.0,0.0,1.0,0.0
AT Rayudu,149.0,26.0,3659.0,2970.0,100.0,29.75,123.2,1.0,19.0,132.0,308.0
AUK Pathan,7.0,2.0,39.0,26.0,14.0,7.8,150.0,0.0,0.0,2.0,5.0
Abdul Samad,7.0,2.0,111.0,66.0,33.0,22.2,168.18,0.0,0.0,6.0,8.0
Abdur Razzak,1.0,1.0,0.0,2.0,0.0,0.0,0.0,0.0,0.0,0.0,0.0
Abhishek Sharma,13.0,5.0,143.0,104.0,46.0,17.88,137.5,0.0,0.0,8.0,10.0
Anirudh Singh,4.0,0.0,63.0,69.0,40.0,15.75,91.3,0.0,0.0,1.0,6.0
Ankit Sharma,10.0,3.0,87.0,69.0,30.0,12.43,126.09,0.0,0.0,4.0,7.0
Ankit Soni,3.0,1.0,7.0,9.0,7.0,3.5,77.78,0.0,0.0,1.0,0.0
Anureet Singh,8.0,4.0,36.0,47.0,15.0,9.0,76.6,0.0,0.0,1.0,2.0
Arshdeep Singh,1.0,0.0,0.0,3.0,0.0,0.0,0.0,0.0,0.0,0.0,0.0
Avesh Khan,1.0,1.0,4.0,3.0,4.0,4.0,133.33,0.0,0.0,0.0,1.0
Azhar Mahmood,21.0,2.0,388.0,311.0,80.0,20.42,124.76,0.0,2.0,13.0,39.0
B Akhil,11.0,4.0,76.0,57.0,27.0,10.86,133.33,0.0,0.0,5.0,5.0
B Chipli,21.0,5.0,280.0,256.0,61.0,17.5,109.38,0.0,1.0,7.0,28.0
B Kumar,42.0,18.0,183.0,199.0,24.0,7.62,91.96,0.0,0.0,3.0,17.0
B Laughlin,4.0,2.0,5.0,13.0,4.0,2.5,38.46,0.0,0.0,0.0,0.0
B Lee,19.0,9.0,124.0,102.0,25.0,12.4,121.57,0.0,0.0,8.0,8.0
B Stanlake,1.0,1.0,5.0,2.0,5.0,5.0,250.0,0.0,0.0,0.0,1.0
B Sumanth,4.0,3.0,35.0,38.0,16.0,35.0,92.11,0.0,0.0,0.0,3.0
BA Bhatt,2.0,2.0,6.0,7.0,6.0,6.0,85.71,0.0,0.0,1.0,0.0
BA Stokes,40.0,2.0,920.0,700.0,107.0,24.21,131.43,2.0,2.0,32.0,79.0
BAW Mendis,3.0,1.0,3.0,6.0,2.0,1.5,50.0,0.0,0.0,0.0,0.0
BB McCullum,109.0,3.0,2880.0,2267.0,158.0,27.17,127.04,2.0,13.0,130.0,293.0
BB Samantray,8.0,3.0,125.0,116.0,55.0,25.0,107.76,0.0,1.0,2.0,13.0
BB Sran,7.0,6.0,10.0,14.0,3.0,10.0,71.43,0.0,0.0,0.0,0.0
BCJ Cutting,17.0,6.0,238.0,146.0,39.0,21.64,163.01,0.0,0.0,19.0,15.0
BE Hendricks,2.0,1.0,1.0,3.0,1.0,1.0,33.33,0.0,0.0,0.0,0.0
BJ Haddin,1.0,0.0,18.0,11.0,18.0,18.0,163.64,0.0,0.0,1.0,2.0
BJ Hodge,63.0,17.0,1400.0,1153.0,73.0,30.43,121.42,0.0,6.0,43.0,122.0
BJ Rohrer,8.0,2.0,193.0,145.0,64.0,32.17,133.1,0.0,1.0,5.0,21.0
BMAJ Mendis,3.0,0.0,23.0,27.0,12.0,7.67,85.19,0.0,0.0,0.0,0.0
BR Dunk,3.0,0.0,40.0,36.0,20.0,13.33,111.11,0.0,0.0,0.0,7.0
Basil Thampi,7.0,5.0,32.0,37.0,13.0,16.0,86.49,0.0,0.0,1.0,1.0
Bipul Sharma,17.0,11.0,187.0,124.0,35.0,31.17,150.81,0.0,0.0,9.0,11.0
C Madan,1.0,0.0,15.0,21.0,15.0,15.0,71.43,0.0,0.0,0.0,3.0
C Munro,11.0,2.0,177.0,144.0,40.0,19.67,122.92,0.0,0.0,8.0,19.0
C Nanda,1.0,0.0,0.0,1.0,0.0,0.0,0.0,0.0,0.0,0.0,0.0
C de Grandhomme,21.0,6.0,303.0,229.0,40.0,20.2,132.31,0.0,0.0,18.0,18.0
CA Ingram,15.0,3.0,205.0,183.0,47.0,17.08,112.02,0.0,0.0,5.0,22.0
CA Lynn,41.0,4.0,1280.0,938.0,93.0,34.59,136.46,0.0,10.0,63.0,128.0
CA Pujara,22.0,4.0,390.0,403.0,51.0,21.67,96.77,0.0,1.0,4.0,50.0
CH Gayle,131.0,15.0,4772.0,3342.0,175.0,41.14,142.79,6.0,31.0,349.0,384.0
CH Morris,42.0,18.0,551.0,360.0,82.0,22.96,153.06,0.0,2.0,30.0,39.0
CJ Anderson,29.0,7.0,538.0,436.0,95.0,24.45,123.39,0.0,3.0,31.0,40.0
CJ Ferguson,8.0,2.0,98.0,119.0,23.0,16.33,82.35,0.0,0.0,0.0,9.0
CJ Jordan,6.0,2.0,32.0,38.0,13.0,8.0,84.21,0.0,0.0,0.0,2.0
CJ McKay,1.0,0.0,8.0,15.0,8.0,8.0,53.33,0.0,0.0,0.0,0.0
CK Kapugedera,3.0,0.0,16.0,24.0,8.0,5.33,66.67,0.0,0.0,0.0,0.0
CK Langeveldt,2.0,0.0,8.0,9.0,8.0,4.0,88.89,0.0,0.0,1.0,0.0
CL White,45.0,10.0,954.0,769.0,78.0,27.26,124.06,0.0,6.0,36.0,76.0
CM Gautam,13.0,4.0,169.0,158.0,33.0,18.78,106.96,0.0,0.0,6.0,17.0
CR Brathwaite,14.0,0.0,181.0,120.0,43.0,12.93,150.83,0.0,0.0,16.0,10.0
CR Woakes,11.0,6.0,63.0,66.0,18.0,12.6,95.45,0.0,0.0,2.0,5.0
CRD Fernando,2.0,1.0,4.0,3.0,2.0,4.0,133.33,0.0,0.0,0.0,0.0
CV Varun,3.0,1.0,10.0,16.0,7.0,5.0,62.5,0.0,0.0,0.0,0.0
D Kalyankrishna,1.0,0.0,3.0,8.0,3.0,3.0,37.5,0.0,0.0,0.0,0.0
D Padikkal,15.0,1.0,473.0,398.0,74.0,33.79,118.84,0.0,5.0,8.0,51.0
D Salunkhe,3.0,2.0,33.0,24.0,26.0,33.0,137.5,0.0,0.0,0.0,5.0
D Wiese,8.0,3.0,127.0,94.0,47.0,25.4,135.11,0.0,0.0,4.0,12.0
D du Preez,1.0,0.0,10.0,13.0,10.0,10.0,76.92,0.0,0.0,0.0,0.0
DA Miller,77.0,23.0,1850.0,1374.0,101.0,34.26,134.64,1.0,9.0,87.0,126.0
DA Warner,142.0,16.0,5254.0,3819.0,126.0,41.7,137.58,4.0,48.0,195.0,510.0
DAJ Bracewell,1.0,1.0,12.0,9.0,12.0,12.0,133.33,0.0,0.0,0.0,1.0
DB Das,22.0,10.0,304.0,267.0,35.0,25.33,113.86,0.0,0.0,16.0,23.0
DB Ravi Teja,25.0,5.0,375.0,325.0,60.0,18.75,115.38,0.0,1.0,9.0,35.0
DE Bollinger,4.0,3.0,21.0,23.0,16.0,21.0,91.3,0.0,0.0,1.0,1.0
DH Yagnik,17.0,8.0,170.0,142.0,34.0,18.89,119.72,0.0,0.0,2.0,23.0
DJ Bravo,101.0,36.0,1490.0,1199.0,70.0,22.92,124.27,0.0,5.0,61.0,116.0
DJ Harris,4.0,1.0,111.0,103.0,47.0,37.0,107.77,0.0,0.0,5.0,11.0
DJ Hooda,50.0,15.0,625.0,504.0,62.0,17.86,124.01,0.0,2.0,29.0,32.0
DJ Hussey,61.0,12.0,1322.0,1101.0,71.0,26.98,120.07,0.0,5.0,60.0,90.0
DJ Jacobs,7.0,0.0,92.0,101.0,32.0,13.14,91.09,0.0,0.0,4.0,10.0
DJ Muthuswami,1.0,0.0,1.0,3.0,1.0,1.0,33.33,0.0,0.0,0.0,0.0
DJ Thornely,4.0,1.0,39.0,54.0,30.0,13.0,72.22,0.0,0.0,2.0,2.0
DJG Sammy,20.0,5.0,295.0,251.0,60.0,19.67,117.53,0.0,1.0,18.0,15.0
DJM Short,7.0,0.0,115.0,102.0,44.0,16.43,112.75,0.0,0.0,5.0,11.0
DL Chahar,10.0,3.0,78.0,58.0,39.0,11.14,134.48,0.0,0.0,6.0,2.0
DL Vettori,16.0,9.0,121.0,118.0,29.0,17.29,102.54,0.0,0.0,2.0,11.0
DM Bravo,1.0,1.0,6.0,5.0,6.0,6.0,120.0,0.0,0.0,0.0,1.0
DNT Zoysa,2.0,1.0,11.0,9.0,10.0,11.0,122.22,0.0,0.0,0.0,1.0
DP Nannes,2.0,1.0,4.0,13.0,3.0,4.0,30.77,0.0,0.0,0.0,0.0
DP Vijaykumar,1.0,1.0,1.0,1.0,1.0,1.0,100.0,0.0,0.0,0.0,0.0
DPMD Jayawardene,78.0,15.0,1802.0,1520.0,110.0,28.6,118.55,1.0,10.0,39.0,200.0
DR Martyn,1.0,-1.0,19.0,26.0,19.0,9.5,73.08,0.0,0.0,0.0,1.0
DR Sams,1.0,0.0,0.0,2.0,0.0,0.0,0.0,0.0,0.0,0.0,0.0
DR Shorey,2.0,0.0,13.0,20.0,8.0,6.5,65.0,0.0,0.0,1.0,0.0
DR Smith,88.0,7.0,2385.0,1803.0,87.0,29.44,132.28,0.0,17.0,117.0,245.0
DS Kulkarni,20.0,11.0,104.0,113.0,28.0,11.56,92.04,0.0,0.0,2.0,7.0
DS Lehmann,2.0,0.0,18.0,19.0,17.0,9.0,94.74,0.0,0.0,0.0,3.0
DT Christian,34.0,10.0,446.0,384.0,39.0,18.58,116.15,0.0,0.0,19.0,22.0
DT Patil,2.0,1.0,13.0,13.0,9.0,13.0,100.0,0.0,0.0,0.0,1.0
DW Steyn,33.0,11.0,167.0,163.0,19.0,7.59,102.45,0.0,0.0,3.0,14.0
E Lewis,16.0,0.0,430.0,343.0,65.0,26.88,125.36,0.0,2.0,26.0,36.0
EJG Morgan,59.0,10.0,1272.0,1037.0,68.0,25.96,122.66,0.0,5.0,58.0,104.0
ER Dwivedi,2.0,0.0,24.0,15.0,19.0,12.0,160.0,0.0,0.0,2.0,2.0
F Behardien,3.0,1.0,14.0,13.0,9.0,7.0,107.69,0.0,0.0,0.0,2.0
F du Plessis,77.0,10.0,2302.0,1828.0,96.0,34.36,125.93,0.0,16.0,73.0,205.0
FH Edwards,2.0,1.0,4.0,5.0,3.0,4.0,80.0,0.0,0.0,0.0,0.0
FY Fazal,11.0,2.0,183.0,179.0,45.0,20.33,102.23,0.0,0.0,1.0,22.0
G Gambhir,151.0,16.0,4217.0,3524.0,93.0,31.24,119.67,0.0,36.0,59.0,492.0
GB Hogg,4.0,2.0,22.0,22.0,13.0,11.0,100.0,0.0,0.0,0.0,1.0
GC Smith,29.0,-1.0,739.0,691.0,91.0,24.63,106.95,0.0,4.0,9.0,94.0
GC Viljoen,3.0,1.0,3.0,7.0,2.0,1.5,42.86,0.0,0.0,0.0,0.0
GD McGrath,2.0,1.0,4.0,5.0,4.0,4.0,80.0,0.0,0.0,0.0,1.0
GH Vihari,23.0,3.0,284.0,331.0,46.0,14.2,85.8,0.0,0.0,1.0,23.0
GJ Bailey,36.0,7.0,663.0,552.0,61.0,22.86,120.11,0.0,2.0,19.0,59.0
GJ Maxwell,78.0,9.0,1505.0,1013.0,95.0,21.81,148.57,0.0,6.0,91.0,119.0
GR Napier,1.0,0.0,15.0,16.0,15.0,15.0,93.75,0.0,0.0,0.0,1.0
Gurkeerat Singh,32.0,5.0,511.0,436.0,65.0,18.93,117.2,0.0,2.0,11.0,55.0
H Das,1.0,0.0,2.0,5.0,2.0,2.0,40.0,0.0,0.0,0.0,0.0
H Klaasen,6.0,1.0,66.0,58.0,32.0,13.2,113.79,0.0,0.0,1.0,5.0
HF Gurney,1.0,1.0,1.0,5.0,1.0,1.0,20.0,0.0,0.0,0.0,0.0
HH Gibbs,36.0,4.0,886.0,837.0,69.0,27.69,105.85,0.0,6.0,31.0,83.0
HH Pandya,74.0,27.0,1349.0,897.0,91.0,28.7,150.39,0.0,4.0,93.0,86.0
HM Amla,16.0,3.0,577.0,418.0,104.0,44.38,138.04,2.0,3.0,21.0,60.0
HV Patel,17.0,6.0,128.0,99.0,36.0,11.64,129.29,0.0,0.0,9.0,5.0
Harbhajan Singh,86.0,30.0,829.0,632.0,64.0,14.8,131.17,0.0,1.0,42.0,79.0
Harmeet Singh,4.0,2.0,18.0,12.0,14.0,9.0,150.0,0.0,0.0,0.0,3.0
Harpreet Brar,1.0,1.0,20.0,14.0,20.0,20.0,142.86,0.0,0.0,1.0,2.0
Harpreet Singh,3.0,1.0,20.0,26.0,13.0,10.0,76.92,0.0,0.0,0.0,0.0
I Malhotra,1.0,1.0,7.0,4.0,7.0,7.0,175.0,0.0,0.0,0.0,1.0
I Sharma,18.0,11.0,55.0,62.0,10.0,7.86,88.71,0.0,0.0,2.0,4.0
I Udana,4.0,1.0,15.0,11.0,10.0,5.0,136.36,0.0,0.0,1.0,1.0
IC Pandey,1.0,0.0,0.0,2.0,0.0,0.0,0.0,0.0,0.0,0.0,0.0
IK Pathan,82.0,29.0,1139.0,981.0,60.0,21.49,116.11,0.0,1.0,37.0,87.0
IR Jaggi,7.0,2.0,76.0,100.0,28.0,15.2,76.0,0.0,0.0,0.0,6.0
IS Sodhi,2.0,0.0,7.0,18.0,6.0,3.5,38.89,0.0,0.0,0.0,0.0
Imran Tahir,8.0,4.0,33.0,37.0,13.0,8.25,89.19,0.0,0.0,0.0,5.0
Iqbal Abdulla,13.0,12.0,88.0,86.0,33.0,88.0,102.33,0.0,0.0,1.0,9.0
Ishan Kishan,46.0,6.0,1211.0,907.0,99.0,30.28,133.52,0.0,7.0,64.0,100.0
J Arunkumar,3.0,0.0,23.0,24.0,22.0,7.67,95.83,0.0,0.0,0.0,5.0
J Botha,28.0,6.0,409.0,364.0,67.0,18.59,112.36,0.0,1.0,5.0,39.0
J Suchith,6.0,4.0,54.0,48.0,34.0,27.0,112.5,0.0,0.0,2.0,4.0
J Syed Mohammad,5.0,3.0,29.0,27.0,13.0,14.5,107.41,0.0,0.0,0.0,4.0
J Theron,4.0,2.0,10.0,13.0,7.0,5.0,76.92,0.0,0.0,0.0,1.0
J Yadav,2.0,2.0,6.0,12.0,5.0,6.0,50.0,0.0,0.0,0.0,0.0
JA Morkel,67.0,27.0,974.0,711.0,73.0,24.35,136.99,0.0,3.0,55.0,61.0
JC Archer,21.0,8.0,195.0,128.0,27.0,15.0,152.34,0.0,0.0,14.0,11.0
JC Buttler,57.0,9.0,1714.0,1184.0,95.0,35.71,144.76,0.0,11.0,77.0,167.0
JD Ryder,29.0,0.0,604.0,466.0,86.0,20.83,129.61,0.0,4.0,19.0,69.0
JD Unadkat,13.0,5.0,64.0,67.0,26.0,8.0,95.52,0.0,0.0,1.0,6.0
JDP Oram,11.0,3.0,106.0,110.0,41.0,13.25,96.36,0.0,0.0,5.0,6.0
JDS Neesham,6.0,1.0,61.0,64.0,22.0,12.2,95.31,0.0,0.0,2.0,3.0
JE Taylor,2.0,2.0,3.0,4.0,2.0,3.0,75.0,0.0,0.0,0.0,0.0
JEC Franklin,16.0,5.0,327.0,309.0,79.0,29.73,105.83,0.0,1.0,9.0,25.0
JH Kallis,95.0,6.0,2427.0,2291.0,89.0,27.27,105.94,0.0,17.0,44.0,255.0
JJ Bumrah,11.0,7.0,40.0,42.0,16.0,10.0,95.24,0.0,0.0,1.0,2.0
JJ Roy,8.0,2.0,179.0,139.0,91.0,29.83,128.78,0.0,1.0,8.0,18.0
JJ van der Wath,3.0,1.0,18.0,17.0,14.0,9.0,105.88,0.0,0.0,1.0,1.0
JL Denly,1.0,0.0,0.0,1.0,0.0,0.0,0.0,0.0,0.0,0.0,0.0
JL Pattinson,2.0,1.0,15.0,13.0,11.0,15.0,115.38,0.0,0.0,0.0,2.0
JM Bairstow,21.0,1.0,790.0,576.0,114.0,39.5,137.15,1.0,5.0,31.0,79.0
JM Kemp,2.0,0.0,26.0,25.0,22.0,13.0,104.0,0.0,0.0,1.0,1.0
JO Holder,9.0,2.0,104.0,86.0,26.0,14.86,120.93,0.0,0.0,5.0,9.0
JP Duminy,75.0,26.0,2029.0,1680.0,78.0,41.41,120.77,0.0,14.0,79.0,126.0
JP Faulkner,45.0,18.0,527.0,405.0,46.0,19.52,130.12,0.0,0.0,23.0,36.0
JPR Scantlebury-Searles,2.0,1.0,8.0,6.0,6.0,8.0,133.33,0.0,0.0,1.0,0.0
JR Hopes,19.0,2.0,417.0,314.0,71.0,24.53,132.8,0.0,4.0,11.0,49.0
JR Philippe,5.0,1.0,78.0,80.0,33.0,19.5,97.5,0.0,0.0,1.0,9.0
Jaskaran Singh,4.0,2.0,8.0,11.0,4.0,4.0,72.73,0.0,0.0,0.0,0.0
Joginder Sharma,5.0,1.0,36.0,30.0,16.0,9.0,120.0,0.0,0.0,2.0,1.0
K Goel,16.0,2.0,218.0,239.0,38.0,15.57,91.21,0.0,0.0,9.0,17.0
K Gowtham,19.0,6.0,186.0,113.0,33.0,14.31,164.6,0.0,0.0,12.0,13.0
K Rabada,13.0,4.0,125.0,135.0,44.0,13.89,92.59,0.0,0.0,4.0,9.0
K Upadhyay,2.0,2.0,12.0,9.0,11.0,12.0,133.33,0.0,0.0,1.0,0.0
KA Pollard,144.0,38.0,3023.0,2107.0,83.0,28.52,143.47,0.0,15.0,198.0,196.0
KAJ Roach,1.0,0.0,10.0,9.0,10.0,10.0,111.11,0.0,0.0,0.0,1.0
KB Arun Karthik,8.0,3.0,51.0,53.0,19.0,10.2,96.23,0.0,0.0,1.0,4.0
KC Cariappa,5.0,2.0,24.0,21.0,12.0,8.0,114.29,0.0,0.0,2.0,0.0
KC Sangakkara,68.0,-1.0,1687.0,1424.0,94.0,24.45,118.47,0.0,10.0,27.0,195.0
KD Karthik,176.0,24.0,3823.0,3023.0,97.0,25.15,126.46,0.0,19.0,105.0,377.0
KH Pandya,57.0,19.0,1000.0,727.0,86.0,26.32,137.55,0.0,1.0,40.0,95.0
KJ Abbott,3.0,2.0,13.0,8.0,12.0,13.0,162.5,0.0,0.0,1.0,0.0
KK Ahmed,2.0,0.0,0.0,3.0,0.0,0.0,0.0,0.0,0.0,0.0,0.0
KK Cooper,12.0,3.0,116.0,70.0,32.0,12.89,165.71,0.0,0.0,8.0,9.0
KK Nair,66.0,3.0,1480.0,1174.0,83.0,23.49,126.06,0.0,10.0,39.0,160.0
KL Nagarkoti,6.0,3.0,22.0,32.0,8.0,7.33,68.75,0.0,0.0,0.0,1.0
KL Rahul,72.0,10.0,2647.0,1990.0,132.0,42.69,133.02,2.0,21.0,104.0,234.0
KM Jadhav,75.0,25.0,1141.0,947.0,69.0,22.82,120.49,0.0,4.0,38.0,99.0
KMA Paul,5.0,1.0,18.0,26.0,7.0,4.5,69.23,0.0,0.0,1.0,1.0
KMDN Kulasekara,1.0,1.0,5.0,3.0,5.0,5.0,166.67,0.0,0.0,0.0,1.0
KP Appanna,3.0,2.0,2.0,4.0,1.0,2.0,50.0,0.0,0.0,0.0,0.0
KP Pietersen,36.0,7.0,1001.0,758.0,103.0,34.52,132.06,1.0,4.0,40.0,91.0
KS Williamson,52.0,11.0,1619.0,1222.0,89.0,39.49,132.49,0.0,15.0,54.0,137.0
KV Sharma,34.0,13.0,317.0,285.0,39.0,15.1,111.23,0.0,0.0,14.0,18.0
KW Richardson,4.0,1.0,36.0,39.0,26.0,12.0,92.31,0.0,0.0,1.0,2.0
Kamran Akmal,6.0,2.0,128.0,78.0,53.0,32.0,164.1,0.0,1.0,8.0,13.0
Kamran Khan,1.0,0.0,3.0,5.0,3.0,3.0,60.0,0.0,0.0,0.0,0.0
Karanveer Singh,4.0,3.0,12.0,17.0,5.0,12.0,70.59,0.0,0.0,0.0,1.0
Kartik Tyagi,2.0,1.0,4.0,6.0,2.0,4.0,66.67,0.0,0.0,0.0,0.0
Kuldeep Yadav,10.0,6.0,57.0,76.0,16.0,14.25,75.0,0.0,0.0,0.0,5.0
L Ablish,1.0,1.0,0.0,2.0,0.0,0.0,0.0,0.0,0.0,0.0,0.0
L Balaji,13.0,6.0,36.0,50.0,15.0,5.14,72.0,0.0,0.0,1.0,2.0
L Ronchi,5.0,2.0,34.0,37.0,13.0,11.33,91.89,0.0,0.0,1.0,6.0
LA Carseldine,5.0,2.0,81.0,71.0,39.0,27.0,114.08,0.0,0.0,0.0,11.0
LA Pomersbach,16.0,5.0,302.0,251.0,79.0,27.45,120.32,0.0,1.0,13.0,25.0
LE Plunkett,2.0,1.0,1.0,3.0,1.0,1.0,33.33,0.0,0.0,0.0,0.0
LH Ferguson,3.0,2.0,44.0,30.0,24.0,44.0,146.67,0.0,0.0,1.0,4.0
LJ Wright,5.0,1.0,106.0,63.0,44.0,26.5,168.25,0.0,0.0,3.0,16.0
LMP Simmons,29.0,2.0,1079.0,878.0,100.0,39.96,122.89,1.0,11.0,44.0,109.0
LPC Silva,3.0,1.0,40.0,27.0,23.0,20.0,148.15,0.0,0.0,1.0,5.0
LR Shukla,33.0,4.0,405.0,358.0,48.0,13.97,113.13,0.0,0.0,16.0,33.0
LRPL Taylor,54.0,13.0,1017.0,847.0,81.0,24.8,120.07,0.0,3.0,46.0,66.0
LS Livingstone,4.0,1.0,70.0,48.0,44.0,23.33,145.83,0.0,0.0,5.0,6.0
M Ashwin,6.0,2.0,8.0,12.0,4.0,2.0,66.67,0.0,0.0,0.0,0.0
M Kaif,22.0,6.0,259.0,258.0,34.0,16.19,100.39,0.0,0.0,6.0,22.0
M Kartik,14.0,7.0,113.0,109.0,21.0,16.14,103.67,0.0,0.0,1.0,7.0
M Klinger,4.0,0.0,73.0,78.0,29.0,18.25,93.59,0.0,0.0,0.0,9.0
M Manhas,38.0,14.0,514.0,486.0,42.0,21.42,105.76,0.0,0.0,10.0,43.0
M Markande,7.0,4.0,27.0,30.0,7.0,9.0,90.0,0.0,0.0,0.0,3.0
M Morkel,20.0,9.0,126.0,93.0,23.0,11.45,135.48,0.0,0.0,5.0,11.0
M Muralitharan,9.0,3.0,20.0,30.0,6.0,3.33,66.67,0.0,0.0,0.0,1.0
M Ntini,2.0,1.0,11.0,19.0,11.0,11.0,57.89,0.0,0.0,0.0,2.0
M Prasidh Krishna,4.0,3.0,3.0,11.0,2.0,3.0,27.27,0.0,0.0,0.0,0.0
M Rawat,11.0,6.0,55.0,70.0,23.0,11.0,78.57,0.0,0.0,1.0,4.0
M Vijay,105.0,8.0,2619.0,2208.0,127.0,27.0,118.61,2.0,13.0,91.0,247.0
M Vohra,45.0,3.0,1012.0,800.0,95.0,24.1,126.5,0.0,3.0,39.0,97.0
M de Lange,1.0,0.0,1.0,2.0,1.0,1.0,50.0,0.0,0.0,0.0,0.0
MA Agarwal,83.0,5.0,1690.0,1310.0,106.0,21.67,129.01,1.0,7.0,67.0,161.0
MA Khote,3.0,1.0,24.0,22.0,9.0,12.0,109.09,0.0,0.0,1.0,2.0
MA Starc,11.0,5.0,96.0,98.0,29.0,16.0,97.96,0.0,0.0,0.0,10.0
MA Wood,1.0,0.0,1.0,5.0,1.0,1.0,20.0,0.0,0.0,0.0,0.0
MC Henriques,50.0,15.0,969.0,769.0,74.0,27.69,126.01,0.0,5.0,27.0,87.0
MC Juneja,7.0,0.0,125.0,134.0,49.0,17.86,93.28,0.0,0.0,1.0,11.0
MD Mishra,17.0,2.0,237.0,213.0,41.0,15.8,111.27,0.0,0.0,8.0,24.0
MDKJ Perera,2.0,0.0,14.0,13.0,14.0,7.0,107.69,0.0,0.0,0.0,3.0
MEK Hussey,58.0,6.0,1977.0,1648.0,116.0,38.02,119.96,1.0,15.0,52.0,198.0
MF Maharoof,14.0,4.0,177.0,124.0,39.0,17.7,142.74,0.0,0.0,9.0,12.0
MG Johnson,28.0,14.0,167.0,168.0,16.0,11.93,99.4,0.0,0.0,7.0,10.0
MJ Clarke,6.0,0.0,98.0,96.0,41.0,16.33,102.08,0.0,0.0,0.0,12.0
MJ Guptill,13.0,1.0,270.0,196.0,50.0,22.5,137.76,0.0,1.0,15.0,24.0
MJ Lumb,12.0,2.0,278.0,198.0,83.0,27.8,140.4,0.0,1.0,6.0,45.0
MJ McClenaghan,20.0,9.0,85.0,73.0,20.0,7.73,116.44,0.0,0.0,7.0,5.0
MJ Santner,2.0,1.0,32.0,25.0,22.0,32.0,128.0,0.0,0.0,3.0,0.0
MK Lomror,6.0,1.0,87.0,78.0,47.0,17.4,111.54,0.0,0.0,3.0,5.0
MK Pandey,134.0,25.0,3268.0,2772.0,114.0,29.98,117.89,1.0,18.0,93.0,288.0
MK Tiwary,83.0,22.0,1695.0,1489.0,75.0,27.79,113.83,0.0,7.0,40.0,156.0
ML Hayden,32.0,5.0,1107.0,838.0,93.0,41.0,132.1,0.0,8.0,44.0,121.0
MM Ali,17.0,4.0,309.0,199.0,66.0,23.77,155.28,0.0,3.0,23.0,21.0
MM Patel,12.0,7.0,39.0,41.0,23.0,7.8,95.12,0.0,0.0,0.0,5.0
MM Sharma,25.0,11.0,122.0,120.0,21.0,8.71,101.67,0.0,0.0,4.0,9.0
MN Samuels,14.0,2.0,161.0,174.0,46.0,13.42,92.53,0.0,0.0,7.0,9.0
MN van Wyk,5.0,2.0,167.0,135.0,74.0,55.67,123.7,0.0,1.0,1.0,19.0
MP Stoinis,42.0,12.0,825.0,623.0,65.0,27.5,132.42,0.0,4.0,34.0,65.0
MR Marsh,15.0,2.0,225.0,202.0,38.0,17.31,111.39,0.0,0.0,14.0,9.0
MS Bisla,39.0,2.0,798.0,737.0,92.0,21.57,108.28,0.0,4.0,23.0,93.0
MS Dhoni,182.0,56.0,4632.0,3493.0,84.0,36.76,132.61,0.0,23.0,216.0,313.0
MS Gony,15.0,6.0,99.0,76.0,42.0,11.0,130.26,0.0,0.0,8.0,6.0
MS Wade,3.0,0.0,22.0,33.0,11.0,7.33,66.67,0.0,0.0,0.0,0.0
MV Boucher,23.0,8.0,394.0,318.0,50.0,26.27,123.9,0.0,1.0,13.0,32.0
Mandeep Singh,90.0,12.0,1659.0,1364.0,77.0,21.27,121.63,0.0,6.0,37.0,170.0
Mashrafe Mortaza,1.0,1.0,2.0,2.0,2.0,2.0,100.0,0.0,0.0,0.0,0.0
Misbah-ul-Haq,8.0,-1.0,117.0,82.0,47.0,13.0,142.68,0.0,0.0,6.0,10.0
Mohammad Ashraful,1.0,0.0,2.0,12.0,2.0,2.0,16.67,0.0,0.0,0.0,0.0
Mohammad Asif,2.0,0.0,3.0,6.0,3.0,1.5,50.0,0.0,0.0,0.0,0.0
Mohammad Hafeez,8.0,0.0,64.0,84.0,16.0,8.0,76.19,0.0,0.0,2.0,7.0
Mohammad Nabi,11.0,2.0,146.0,102.0,31.0,16.22,143.14,0.0,0.0,7.0,13.0
Mohammed Shami,18.0,8.0,56.0,57.0,21.0,5.6,98.25,0.0,0.0,2.0,5.0
Mohammed Siraj,9.0,4.0,46.0,52.0,14.0,9.2,88.46,0.0,0.0,1.0,4.0
Mujeeb Ur Rahman,5.0,2.0,11.0,14.0,10.0,3.67,78.57,0.0,0.0,0.0,2.0
Mustafizur Rahman,1.0,0.0,1.0,3.0,1.0,1.0,33.33,0.0,0.0,0.0,0.0
N Jagadeesan,2.0,0.0,33.0,31.0,33.0,16.5,106.45,0.0,0.0,0.0,4.0
N Pooran,20.0,3.0,521.0,323.0,77.0,30.65,161.3,0.0,2.0,39.0,33.0
N Rana,55.0,2.0,1437.0,1093.0,87.0,27.11,131.47,0.0,11.0,72.0,127.0
N Saini,10.0,-1.0,140.0,143.0,50.0,12.73,97.9,0.0,1.0,0.0,16.0
NA Saini,5.0,3.0,29.0,31.0,12.0,14.5,93.55,0.0,0.0,0.0,3.0
ND Doshi,1.0,0.0,0.0,13.0,0.0,0.0,0.0,0.0,0.0,0.0,0.0
NJ Maddinson,3.0,0.0,20.0,21.0,12.0,6.67,95.24,0.0,0.0,0.0,4.0
NJ Rimmington,1.0,1.0,1.0,1.0,1.0,1.0,100.0,0.0,0.0,0.0,0.0
NL McCullum,2.0,-1.0,26.0,23.0,15.0,8.67,113.04,0.0,0.0,1.0,0.0
NLTC Perera,30.0,6.0,422.0,324.0,40.0,17.58,130.25,0.0,0.0,26.0,23.0
NM Coulter-Nile,13.0,5.0,77.0,68.0,24.0,9.62,113.24,0.0,0.0,4.0,7.0
NS Naik,4.0,0.0,31.0,53.0,22.0,7.75,58.49,0.0,0.0,0.0,2.0
NV Ojha,94.0,20.0,1554.0,1360.0,94.0,21.0,114.26,0.0,6.0,79.0,121.0
Niraj Patel,6.0,1.0,121.0,124.0,57.0,24.2,97.58,0.0,1.0,1.0,14.0
OA Shah,22.0,9.0,506.0,405.0,76.0,38.92,124.94,0.0,4.0,23.0,34.0
P Awana,5.0,2.0,5.0,14.0,4.0,1.67,35.71,0.0,0.0,0.0,0.0
P Chopra,1.0,0.0,8.0,6.0,8.0,8.0,133.33,0.0,0.0,0.0,2.0
P Dogra,12.0,0.0,127.0,141.0,41.0,10.58,90.07,0.0,0.0,5.0,4.0
P Dubey,1.0,1.0,7.0,13.0,7.0,7.0,53.85,0.0,0.0,0.0,0.0
P Kumar,57.0,23.0,340.0,323.0,34.0,10.0,105.26,0.0,0.0,17.0,22.0
P Negi,35.0,9.0,365.0,301.0,36.0,14.04,121.26,0.0,0.0,16.0,27.0
P Parameswaran,2.0,2.0,1.0,3.0,1.0,1.0,33.33,0.0,0.0,0.0,0.0
P Ray Barman,1.0,0.0,19.0,25.0,19.0,19.0,76.0,0.0,0.0,0.0,2.0
P Sahu,2.0,2.0,19.0,13.0,18.0,19.0,146.15,0.0,0.0,1.0,1.0
P Simran Singh,3.0,0.0,31.0,33.0,16.0,10.33,93.94,0.0,0.0,1.0,3.0
PA Patel,136.0,9.0,2848.0,2442.0,81.0,22.43,116.63,0.0,13.0,49.0,365.0
PA Reddy,10.0,0.0,164.0,167.0,42.0,16.4,98.2,0.0,0.0,2.0,15.0
PC Valthaty,23.0,1.0,505.0,432.0,120.0,22.95,116.9,1.0,2.0,20.0,61.0
PD Collingwood,7.0,3.0,203.0,159.0,75.0,50.75,127.67,0.0,3.0,13.0,9.0
PJ Cummins,19.0,6.0,223.0,176.0,53.0,17.15,126.7,0.0,1.0,12.0,14.0
PJ Sangwan,13.0,6.0,24.0,41.0,6.0,3.43,58.54,0.0,0.0,0.0,1.0
PK Garg,10.0,1.0,133.0,116.0,51.0,14.78,114.66,0.0,1.0,4.0,9.0
PM Sarvesh Kumar,1.0,1.0,1.0,2.0,1.0,1.0,50.0,0.0,0.0,0.0,0.0
PP Chawla,75.0,25.0,584.0,541.0,24.0,11.68,107.95,0.0,0.0,18.0,54.0
PP Ojha,19.0,9.0,16.0,45.0,3.0,1.6,35.56,0.0,0.0,0.0,0.0
PP Shaw,38.0,1.0,826.0,605.0,99.0,22.32,136.53,0.0,6.0,27.0,99.0
PR Shah,9.0,1.0,92.0,97.0,29.0,11.5,94.85,0.0,0.0,2.0,9.0
PSP Handscomb,1.0,0.0,6.0,12.0,6.0,6.0,50.0,0.0,0.0,0.0,0.0
PV Tambe,6.0,5.0,18.0,39.0,7.0,18.0,46.15,0.0,0.0,0.0,1.0
Pankaj Singh,5.0,3.0,7.0,12.0,4.0,3.5,58.33,0.0,0.0,0.0,0.0
Parvez Rasool,4.0,2.0,17.0,20.0,10.0,8.5,85.0,0.0,0.0,0.0,1.0
Q de Kock,66.0,6.0,1959.0,1499.0,108.0,32.65,130.69,1.0,14.0,76.0,201.0
R Ashwin,55.0,19.0,412.0,384.0,45.0,11.44,107.29,0.0,0.0,11.0,35.0
R Bhatia,47.0,18.0,342.0,290.0,26.0,11.79,117.93,0.0,0.0,13.0,24.0
R Bishnoi,3.0,0.0,19.0,17.0,18.0,6.33,111.76,0.0,0.0,2.0,1.0
R Dhawan,16.0,9.0,153.0,135.0,25.0,21.86,113.33,0.0,0.0,4.0,13.0
R Dravid,82.0,5.0,2174.0,1918.0,75.0,28.23,113.35,0.0,11.0,28.0,269.0
R McLaren,13.0,5.0,159.0,178.0,51.0,19.88,89.33,0.0,1.0,1.0,14.0
R Ninan,1.0,0.0,3.0,6.0,3.0,3.0,50.0,0.0,0.0,0.0,0.0
R Parag,13.0,3.0,246.0,214.0,50.0,24.6,114.95,0.0,1.0,8.0,23.0
R Rampaul,7.0,2.0,51.0,52.0,23.0,10.2,98.08,0.0,0.0,2.0,3.0
R Sathish,24.0,8.0,270.0,236.0,27.0,16.88,114.41,0.0,0.0,6.0,22.0
R Sharma,19.0,8.0,66.0,77.0,14.0,6.0,85.71,0.0,0.0,3.0,5.0
R Shukla,4.0,2.0,19.0,23.0,14.0,9.5,82.61,0.0,0.0,0.0,2.0
R Tewatia,23.0,10.0,366.0,280.0,53.0,28.15,130.71,0.0,1.0,20.0,24.0
R Vinay Kumar,42.0,16.0,310.0,289.0,26.0,11.92,107.27,0.0,0.0,9.0,21.0
RA Jadeja,136.0,48.0,2159.0,1774.0,50.0,24.53,121.7,0.0,1.0,76.0,157.0
RA Tripathi,44.0,7.0,988.0,756.0,93.0,26.7,130.69,0.0,5.0,37.0,95.0
RD Chahar,6.0,4.0,17.0,17.0,10.0,8.5,100.0,0.0,0.0,0.0,2.0
RD Gaikwad,6.0,3.0,204.0,173.0,72.0,68.0,117.92,0.0,3.0,6.0,16.0
RE Levi,6.0,0.0,83.0,74.0,50.0,13.83,112.16,0.0,1.0,4.0,10.0
RE van der Merwe,15.0,3.0,159.0,144.0,35.0,13.25,110.42,0.0,0.0,8.0,11.0
RG More,1.0,1.0,2.0,2.0,2.0,2.0,100.0,0.0,0.0,0.0,0.0
RG Sharma,194.0,17.0,5230.0,4088.0,109.0,29.55,127.94,1.0,39.0,214.0,458.0
RJ Harris,21.0,9.0,117.0,112.0,17.0,9.75,104.46,0.0,0.0,3.0,6.0
RJ Peterson,5.0,2.0,32.0,32.0,16.0,10.67,100.0,0.0,0.0,1.0,3.0
RJ Quiney,7.0,0.0,103.0,105.0,51.0,14.71,98.1,0.0,1.0,3.0,12.0
RK Bhui,2.0,0.0,7.0,18.0,7.0,3.5,38.89,0.0,0.0,0.0,0.0
RK Singh,8.0,1.0,77.0,79.0,30.0,11.0,97.47,0.0,0.0,2.0,6.0
RN ten Doeschate,21.0,4.0,326.0,238.0,70.0,19.18,136.97,0.0,1.0,15.0,26.0
RP Singh,28.0,13.0,52.0,78.0,10.0,3.47,66.67,0.0,0.0,1.0,2.0
RR Bhatkal,1.0,-1.0,0.0,2.0,0.0,0.0,0.0,0.0,0.0,0.0,0.0
RR Pant,68.0,9.0,2079.0,1416.0,128.0,35.24,146.82,1.0,12.0,103.0,184.0
RR Powar,9.0,6.0,67.0,64.0,28.0,22.33,104.69,0.0,0.0,1.0,6.0
RR Raje,5.0,4.0,20.0,18.0,11.0,20.0,111.11,0.0,0.0,1.0,1.0
RR Rossouw,5.0,-1.0,53.0,51.0,24.0,8.83,103.92,0.0,0.0,3.0,3.0
RR Sarwan,4.0,1.0,73.0,78.0,31.0,24.33,93.59,0.0,0.0,1.0,6.0
RS Bopara,22.0,3.0,531.0,468.0,84.0,27.95,113.46,0.0,3.0,16.0,39.0
RS Gavaskar,1.0,0.0,2.0,8.0,2.0,2.0,25.0,0.0,0.0,0.0,0.0
RS Sodhi,1.0,1.0,4.0,2.0,4.0,4.0,200.0,0.0,0.0,0.0,1.0
RT Ponting,9.0,1.0,91.0,129.0,28.0,11.38,70.54,0.0,0.0,2.0,5.0
RV Gomez,9.0,2.0,50.0,53.0,26.0,7.14,94.34,0.0,0.0,1.0,5.0
RV Uthappa,182.0,13.0,4607.0,3658.0,87.0,27.26,125.94,0.0,24.0,163.0,454.0
Rashid Khan,23.0,7.0,139.0,99.0,34.0,8.69,140.4,0.0,0.0,11.0,8.0
Rasikh Salam,1.0,1.0,5.0,4.0,5.0,5.0,125.0,0.0,0.0,0.0,0.0
Ravi Bishnoi,2.0,1.0,7.0,12.0,6.0,7.0,58.33,0.0,0.0,0.0,1.0
S Anirudha,12.0,4.0,136.0,121.0,64.0,17.0,112.4,0.0,1.0,7.0,9.0
S Aravind,10.0,7.0,59.0,59.0,14.0,19.67,100.0,0.0,0.0,0.0,7.0
S Badree,5.0,0.0,13.0,25.0,8.0,2.6,52.0,0.0,0.0,0.0,0.0
S Badrinath,65.0,17.0,1441.0,1245.0,71.0,30.02,115.74,0.0,11.0,28.0,154.0
S Chanderpaul,3.0,0.0,25.0,33.0,16.0,8.33,75.76,0.0,0.0,0.0,4.0
S Dhawan,175.0,23.0,5197.0,4208.0,106.0,34.19,123.5,2.0,41.0,109.0,591.0
S Dube,13.0,2.0,169.0,142.0,27.0,15.36,119.01,0.0,0.0,12.0,6.0
S Gopal,19.0,7.0,164.0,161.0,24.0,13.67,101.86,0.0,0.0,1.0,17.0
S Kaul,7.0,4.0,12.0,28.0,7.0,4.0,42.86,0.0,0.0,0.0,0.0
S Kaushik,1.0,0.0,0.0,1.0,0.0,0.0,0.0,0.0,0.0,0.0,0.0
S Ladda,2.0,0.0,0.0,10.0,0.0,0.0,0.0,0.0,0.0,0.0,0.0
S Lamichhane,1.0,0.0,0.0,1.0,0.0,0.0,0.0,0.0,0.0,0.0,0.0
S Nadeem,19.0,4.0,39.0,87.0,6.0,2.6,44.83,0.0,0.0,0.0,2.0
S Narwal,4.0,0.0,37.0,29.0,23.0,9.25,127.59,0.0,0.0,0.0,6.0
S Rana,8.0,3.0,91.0,82.0,19.0,18.2,110.98,0.0,0.0,1.0,9.0
S Randiv,1.0,0.0,2.0,4.0,2.0,2.0,50.0,0.0,0.0,0.0,0.0
S Sohal,20.0,2.0,368.0,311.0,62.0,20.44,118.33,0.0,2.0,18.0,34.0
S Sreesanth,12.0,9.0,34.0,57.0,15.0,11.33,59.65,0.0,0.0,0.0,6.0
S Sriram,2.0,0.0,31.0,38.0,27.0,15.5,81.58,0.0,0.0,0.0,3.0
S Tyagi,1.0,1.0,3.0,4.0,3.0,3.0,75.0,0.0,0.0,0.0,0.0
S Vidyut,8.0,0.0,145.0,115.0,54.0,18.12,126.09,0.0,1.0,3.0,21.0
SA Abbott,2.0,1.0,15.0,13.0,14.0,15.0,115.38,0.0,0.0,1.0,1.0
SA Asnodkar,19.0,0.0,423.0,352.0,60.0,22.26,120.17,0.0,2.0,10.0,56.0
SA Yadav,86.0,21.0,2024.0,1536.0,79.0,31.14,131.77,0.0,11.0,58.0,221.0
SB Bangar,7.0,1.0,49.0,58.0,17.0,8.17,84.48,0.0,0.0,3.0,1.0
SB Jakati,5.0,3.0,28.0,30.0,13.0,14.0,93.33,0.0,0.0,0.0,3.0
SB Joshi,2.0,0.0,6.0,16.0,3.0,3.0,37.5,0.0,0.0,0.0,0.0
SB Styris,10.0,3.0,131.0,134.0,36.0,18.71,97.76,0.0,0.0,3.0,10.0
SB Wagh,2.0,0.0,2.0,3.0,2.0,1.0,66.67,0.0,0.0,0.0,0.0
SC Ganguly,56.0,2.0,1349.0,1326.0,91.0,24.98,101.73,0.0,7.0,42.0,137.0
SD Chitnis,8.0,1.0,99.0,92.0,38.0,14.14,107.61,0.0,0.0,2.0,10.0
SD Lad,1.0,0.0,15.0,13.0,15.0,15.0,115.38,0.0,0.0,1.0,1.0
SE Bond,1.0,0.0,1.0,2.0,1.0,1.0,50.0,0.0,0.0,0.0,0.0
SE Marsh,69.0,5.0,2477.0,1908.0,115.0,38.7,129.82,1.0,20.0,78.0,266.0
SE Rutherford,7.0,2.0,73.0,55.0,28.0,14.6,132.73,0.0,0.0,7.0,2.0
SJ Srivastava,4.0,3.0,5.0,5.0,3.0,5.0,100.0,0.0,0.0,0.0,0.0
SK Raina,189.0,29.0,5368.0,4041.0,100.0,33.55,132.84,1.0,38.0,194.0,493.0
SK Trivedi,14.0,6.0,42.0,61.0,9.0,5.25,68.85,0.0,0.0,1.0,3.0
SK Warne,27.0,8.0,198.0,219.0,34.0,10.42,90.41,0.0,0.0,6.0,14.0
SL Malinga,20.0,8.0,88.0,103.0,17.0,7.33,85.44,0.0,0.0,5.0,6.0
SM Curran,19.0,7.0,281.0,200.0,55.0,23.42,140.5,0.0,2.0,15.0,25.0
SM Harwood,2.0,2.0,9.0,14.0,6.0,9.0,64.29,0.0,0.0,0.0,0.0
SM Katich,11.0,1.0,241.0,191.0,75.0,24.1,126.18,0.0,2.0,8.0,26.0
SM Pollock,8.0,0.0,147.0,116.0,33.0,18.38,126.72,0.0,0.0,8.0,12.0
SMSM Senanayake,4.0,3.0,10.0,17.0,7.0,10.0,58.82,0.0,0.0,0.0,0.0
SN Khan,25.0,5.0,441.0,321.0,67.0,22.05,137.38,0.0,1.0,11.0,50.0
SN Thakur,9.0,4.0,48.0,42.0,15.0,9.6,114.29,0.0,0.0,1.0,5.0
SO Hetmyer,16.0,3.0,275.0,203.0,75.0,21.15,135.47,0.0,1.0,19.0,15.0
SP Fleming,10.0,1.0,196.0,171.0,45.0,21.78,114.62,0.0,0.0,3.0,27.0
SP Goswami,21.0,1.0,293.0,307.0,52.0,14.65,95.44,0.0,1.0,3.0,32.0
SP Jackson,3.0,1.0,38.0,31.0,16.0,19.0,122.58,0.0,0.0,0.0,5.0
SP Narine,63.0,14.0,892.0,573.0,75.0,18.2,155.67,0.0,4.0,52.0,103.0
SPD Smith,86.0,14.0,2333.0,1858.0,101.0,32.4,125.57,1.0,11.0,58.0,212.0
SR Tendulkar,78.0,7.0,2334.0,2044.0,100.0,32.87,114.19,1.0,13.0,29.0,296.0
SR Watson,141.0,16.0,3874.0,2888.0,117.0,30.99,134.14,4.0,21.0,190.0,376.0
SS Cottrell,1.0,0.0,0.0,2.0,0.0,0.0,0.0,0.0,0.0,0.0,0.0
SS Iyer,78.0,5.0,2200.0,1802.0,96.0,30.14,122.09,0.0,16.0,83.0,189.0
SS Shaikh,1.0,1.0,6.0,7.0,6.0,6.0,85.71,0.0,0.0,0.0,1.0
SS Tiwary,69.0,21.0,1379.0,1192.0,61.0,28.73,115.69,0.0,7.0,48.0,101.0
ST Jayasuriya,30.0,1.0,768.0,573.0,114.0,26.48,134.03,1.0,4.0,39.0,84.0
STR Binny,66.0,22.0,880.0,700.0,48.0,20.0,125.71,0.0,0.0,35.0,66.0
SV Samson,102.0,11.0,2584.0,1970.0,102.0,28.4,131.17,2.0,13.0,115.0,191.0
SW Billings,19.0,0.0,334.0,256.0,56.0,17.58,130.47,0.0,3.0,10.0,31.0
SW Tait,5.0,2.0,23.0,26.0,11.0,7.67,88.46,0.0,0.0,1.0,1.0
Sachin Baby,10.0,1.0,137.0,106.0,33.0,15.22,129.25,0.0,0.0,5.0,11.0
Salman Butt,7.0,0.0,193.0,172.0,73.0,27.57,112.21,0.0,1.0,2.0,30.0
Sandeep Sharma,21.0,16.0,44.0,59.0,9.0,8.8,74.58,0.0,0.0,0.0,3.0
Shahbaz Ahmed,1.0,1.0,1.0,1.0,1.0,1.0,100.0,0.0,0.0,0.0,0.0
Shahid Afridi,9.0,1.0,81.0,46.0,33.0,10.12,176.09,0.0,0.0,6.0,7.0
Shakib Al Hasan,46.0,12.0,746.0,613.0,66.0,21.94,121.7,0.0,2.0,20.0,70.0
Shivam Mavi,6.0,1.0,23.0,29.0,9.0,4.6,79.31,0.0,0.0,0.0,2.0
Shivam Sharma,2.0,1.0,5.0,3.0,4.0,5.0,166.67,0.0,0.0,0.0,1.0
Shoaib Ahmed,3.0,1.0,1.0,6.0,1.0,0.5,16.67,0.0,0.0,0.0,0.0
Shoaib Akhtar,1.0,0.0,2.0,8.0,2.0,2.0,25.0,0.0,0.0,0.0,0.0
Shoaib Malik,5.0,1.0,52.0,49.0,24.0,13.0,106.12,0.0,0.0,0.0,5.0
Shubman Gill,37.0,10.0,939.0,766.0,76.0,34.78,122.58,0.0,7.0,24.0,87.0
Sohail Tanvir,5.0,2.0,36.0,31.0,13.0,12.0,116.13,0.0,0.0,1.0,3.0
Sunny Gupta,1.0,0.0,0.0,1.0,0.0,0.0,0.0,0.0,0.0,0.0,0.0
Sunny Singh,5.0,1.0,43.0,31.0,20.0,10.75,138.71,0.0,0.0,1.0,6.0
Swapnil Singh,3.0,0.0,12.0,20.0,10.0,4.0,60.0,0.0,0.0,0.0,0.0
T Banton,2.0,0.0,18.0,22.0,10.0,9.0,81.82,0.0,0.0,1.0,1.0
T Henderson,2.0,1.0,11.0,16.0,11.0,11.0,68.75,0.0,0.0,1.0,0.0
T Kohli,3.0,0.0,11.0,20.0,7.0,3.67,55.0,0.0,0.0,1.0,0.0
T Natarajan,2.0,2.0,3.0,5.0,3.0,3.0,60.0,0.0,0.0,0.0,0.0
T Taibu,3.0,0.0,31.0,26.0,15.0,10.33,119.23,0.0,0.0,0.0,3.0
T Thushara,4.0,2.0,12.0,19.0,8.0,6.0,63.16,0.0,0.0,0.0,0.0
TA Boult,5.0,2.0,12.0,15.0,6.0,4.0,80.0,0.0,0.0,1.0,0.0
TD Paine,2.0,0.0,10.0,29.0,8.0,5.0,34.48,0.0,0.0,0.0,0.0
TG Southee,13.0,7.0,115.0,91.0,36.0,19.17,126.37,0.0,0.0,4.0,8.0
TK Curran,8.0,4.0,106.0,91.0,54.0,26.5,116.48,0.0,1.0,3.0,8.0
TL Suman,39.0,9.0,676.0,587.0,78.0,22.53,115.16,0.0,2.0,26.0,55.0
TM Dilshan,50.0,9.0,1153.0,1047.0,76.0,28.12,110.12,0.0,9.0,24.0,140.0
TM Head,10.0,4.0,205.0,151.0,75.0,34.17,135.76,0.0,1.0,8.0,12.0
TM Srivastava,3.0,2.0,8.0,11.0,7.0,8.0,72.73,0.0,0.0,0.0,0.0
TR Birt,5.0,0.0,75.0,59.0,27.0,15.0,127.12,0.0,0.0,2.0,9.0
TS Mills,3.0,0.0,8.0,11.0,6.0,2.67,72.73,0.0,0.0,1.0,0.0
TU Deshpande,2.0,1.0,21.0,12.0,20.0,21.0,175.0,0.0,0.0,1.0,2.0
U Kaul,1.0,1.0,0.0,1.0,0.0,0.0,0.0,0.0,0.0,0.0,0.0
UA Birla,1.0,0.0,7.0,15.0,7.0,7.0,46.67,0.0,0.0,0.0,1.0
UBT Chand,20.0,0.0,300.0,314.0,58.0,15.0,95.54,0.0,1.0,9.0,32.0
UT Khawaja,6.0,1.0,127.0,105.0,30.0,25.4,120.95,0.0,0.0,3.0,14.0
UT Yadav,34.0,20.0,122.0,135.0,24.0,8.71,90.37,0.0,0.0,4.0,11.0
Umar Gul,4.0,1.0,39.0,19.0,24.0,13.0,205.26,0.0,0.0,5.0,1.0
V Kohli,184.0,21.0,5878.0,4609.0,113.0,36.06,127.53,5.0,39.0,202.0,504.0
V Pratap Singh,1.0,0.0,0.0,1.0,0.0,0.0,0.0,0.0,0.0,0.0,0.0
V Sehwag,104.0,6.0,2728.0,1833.0,122.0,27.84,148.83,2.0,16.0,106.0,334.0
V Shankar,32.0,11.0,654.0,528.0,63.0,31.14,123.86,0.0,3.0,25.0,44.0
VH Zol,2.0,0.0,29.0,26.0,16.0,14.5,111.54,0.0,0.0,1.0,3.0
VR Aaron,12.0,8.0,50.0,73.0,17.0,12.5,68.49,0.0,0.0,2.0,2.0
VRV Singh,2.0,1.0,4.0,3.0,4.0,4.0,133.33,0.0,0.0,0.0,1.0
VS Malik,2.0,1.0,7.0,7.0,6.0,7.0,100.0,0.0,0.0,0.0,1.0
VS Yeligati,1.0,0.0,2.0,2.0,2.0,2.0,100.0,0.0,0.0,0.0,0.0
VVS Laxman,20.0,4.0,282.0,271.0,52.0,17.62,104.06,0.0,1.0,5.0,33.0
VY Mahesh,5.0,3.0,15.0,28.0,6.0,7.5,53.57,0.0,0.0,0.0,0.0
Vishnu Vinod,3.0,0.0,19.0,26.0,9.0,6.33,73.08,0.0,0.0,1.0,1.0
W Jaffer,8.0,1.0,130.0,129.0,50.0,18.57,100.78,0.0,1.0,3.0,14.0
WA Mota,8.0,3.0,56.0,76.0,25.0,11.2,73.68,0.0,0.0,0.0,2.0
WD Parnell,12.0,3.0,63.0,80.0,16.0,7.0,78.75,0.0,0.0,1.0,4.0
WP Saha,97.0,19.0,1979.0,1541.0,115.0,25.37,128.42,1.0,8.0,64.0,184.0
WPUJC Vaas,11.0,4.0,81.0,73.0,20.0,11.57,110.96,0.0,0.0,3.0,2.0
Washington Sundar,21.0,9.0,186.0,154.0,35.0,15.5,120.78,0.0,0.0,6.0,15.0
X Thalaivan Sargunam,1.0,0.0,10.0,17.0,10.0,10.0,58.82,0.0,0.0,0.0,0.0
Y Gnaneswara Rao,1.0,0.0,19.0,18.0,19.0,19.0,105.56,0.0,0.0,0.0,3.0
Y Nagar,20.0,5.0,285.0,271.0,44.0,19.0,105.17,0.0,0.0,9.0,20.0
Y Prithvi Raj,1.0,1.0,0.0,1.0,0.0,0.0,0.0,0.0,0.0,0.0,0.0
Y Venugopal Rao,52.0,10.0,985.0,865.0,71.0,23.45,113.87,0.0,3.0,37.0,77.0
YA Abdulla,1.0,1.0,0.0,1.0,0.0,0.0,0.0,0.0,0.0,0.0,0.0
YBK Jaiswal,3.0,0.0,40.0,44.0,34.0,13.33,90.91,0.0,0.0,2.0,2.0
YK Pathan,153.0,42.0,3204.0,2330.0,100.0,28.86,137.51,1.0,13.0,159.0,262.0
YS Chahal,14.0,9.0,22.0,54.0,4.0,4.4,40.74,0.0,0.0,0.0,0.0
YV Takawale,10.0,2.0,192.0,183.0,45.0,24.0,104.92,0.0,0.0,3.0,26.0
Yashpal Singh,4.0,0.0,47.0,67.0,20.0,11.75,70.15,0.0,0.0,0.0,5.0
Younis Khan,1.0,0.0,3.0,7.0,3.0,3.0,42.86,0.0,0.0,0.0,0.0
Yuvraj Singh,126.0,17.0,2750.0,2205.0,83.0,25.23,124.72,0.0,13.0,149.0,217.0
Z Khan,27.0,12.0,117.0,141.0,23.0,7.8,82.98,0.0,0.0,2.0,11.0
